,percentile,model,landOcean,tChange,meanChangeRg,meanChangeAll
0,1,ACCESS-CM2,0,2.4495849609375,2.447876,2.7328491
1,2,ACCESS-CM2,0,2.4521484375,2.447876,2.7328491
2,5,ACCESS-CM2,0,2.453765869140625,2.447876,2.7328491
3,10,ACCESS-CM2,0,2.456756591796875,2.447876,2.7328491
4,15,ACCESS-CM2,0,2.45843505859375,2.447876,2.7328491
5,25,ACCESS-CM2,0,2.462188720703125,2.447876,2.7328491
6,35,ACCESS-CM2,0,2.462158203125,2.447876,2.7328491
7,45,ACCESS-CM2,0,2.4588623046875,2.447876,2.7328491
8,55,ACCESS-CM2,0,2.45379638671875,2.447876,2.7328491
9,65,ACCESS-CM2,0,2.452423095703125,2.447876,2.7328491
10,75,ACCESS-CM2,0,2.4561767578125,2.447876,2.7328491
11,85,ACCESS-CM2,0,2.464874267578125,2.447876,2.7328491
12,90,ACCESS-CM2,0,2.476165771484375,2.447876,2.7328491
13,95,ACCESS-CM2,0,2.50482177734375,2.447876,2.7328491
14,98,ACCESS-CM2,0,2.554412841796875,2.447876,2.7328491
15,99,ACCESS-CM2,0,2.6029052734375,2.447876,2.7328491
16,1,ACCESS-CM2,1,3.671630859375,3.6739502,2.7328491
17,2,ACCESS-CM2,1,3.669708251953125,3.6739502,2.7328491
18,5,ACCESS-CM2,1,3.666748046875,3.6739502,2.7328491
19,10,ACCESS-CM2,1,3.666534423828125,3.6739502,2.7328491
20,15,ACCESS-CM2,1,3.669921875,3.6739502,2.7328491
21,25,ACCESS-CM2,1,3.681427001953125,3.6739502,2.7328491
22,35,ACCESS-CM2,1,3.69781494140625,3.6739502,2.7328491
23,45,ACCESS-CM2,1,3.7281494140625,3.6739502,2.7328491
24,55,ACCESS-CM2,1,3.772552490234375,3.6739502,2.7328491
25,65,ACCESS-CM2,1,3.827972412109375,3.6739502,2.7328491
26,75,ACCESS-CM2,1,3.894989013671875,3.6739502,2.7328491
27,85,ACCESS-CM2,1,3.93853759765625,3.6739502,2.7328491
28,90,ACCESS-CM2,1,3.950775146484375,3.6739502,2.7328491
29,95,ACCESS-CM2,1,4.003204345703125,3.6739502,2.7328491
30,98,ACCESS-CM2,1,4.060638427734375,3.6739502,2.7328491
31,99,ACCESS-CM2,1,4.069854736328125,3.6739502,2.7328491
32,1,ACCESS-ESM1-5,0,2.18109130859375,2.1776428,2.428833
33,2,ACCESS-ESM1-5,0,2.1832275390625,2.1776428,2.428833
34,5,ACCESS-ESM1-5,0,2.188385009765625,2.1776428,2.428833
35,10,ACCESS-ESM1-5,0,2.193695068359375,2.1776428,2.428833
36,15,ACCESS-ESM1-5,0,2.1982421875,2.1776428,2.428833
37,25,ACCESS-ESM1-5,0,2.203369140625,2.1776428,2.428833
38,35,ACCESS-ESM1-5,0,2.205322265625,2.1776428,2.428833
39,45,ACCESS-ESM1-5,0,2.203155517578125,2.1776428,2.428833
40,55,ACCESS-ESM1-5,0,2.196746826171875,2.1776428,2.428833
41,65,ACCESS-ESM1-5,0,2.1888427734375,2.1776428,2.428833
42,75,ACCESS-ESM1-5,0,2.183837890625,2.1776428,2.428833
43,85,ACCESS-ESM1-5,0,2.18096923828125,2.1776428,2.428833
44,90,ACCESS-ESM1-5,0,2.183380126953125,2.1776428,2.428833
45,95,ACCESS-ESM1-5,0,2.20166015625,2.1776428,2.428833
46,98,ACCESS-ESM1-5,0,2.25640869140625,2.1776428,2.428833
47,99,ACCESS-ESM1-5,0,2.326324462890625,2.1776428,2.428833
48,1,ACCESS-ESM1-5,1,3.24334716796875,3.2451782,2.428833
49,2,ACCESS-ESM1-5,1,3.242218017578125,3.2451782,2.428833
50,5,ACCESS-ESM1-5,1,3.238372802734375,3.2451782,2.428833
51,10,ACCESS-ESM1-5,1,3.234344482421875,3.2451782,2.428833
52,15,ACCESS-ESM1-5,1,3.236907958984375,3.2451782,2.428833
53,25,ACCESS-ESM1-5,1,3.258087158203125,3.2451782,2.428833
54,35,ACCESS-ESM1-5,1,3.298095703125,3.2451782,2.428833
55,45,ACCESS-ESM1-5,1,3.36212158203125,3.2451782,2.428833
56,55,ACCESS-ESM1-5,1,3.4515380859375,3.2451782,2.428833
57,65,ACCESS-ESM1-5,1,3.576751708984375,3.2451782,2.428833
58,75,ACCESS-ESM1-5,1,3.750396728515625,3.2451782,2.428833
59,85,ACCESS-ESM1-5,1,3.965850830078125,3.2451782,2.428833
60,90,ACCESS-ESM1-5,1,4.051116943359375,3.2451782,2.428833
61,95,ACCESS-ESM1-5,1,4.1197509765625,3.2451782,2.428833
62,98,ACCESS-ESM1-5,1,4.178802490234375,3.2451782,2.428833
63,99,ACCESS-ESM1-5,1,4.215606689453125,3.2451782,2.428833
64,1,BCC-CSM2-MR,0,1.63153076171875,1.6282959,1.8321838
65,2,BCC-CSM2-MR,0,1.62872314453125,1.6282959,1.8321838
66,5,BCC-CSM2-MR,0,1.626708984375,1.6282959,1.8321838
67,10,BCC-CSM2-MR,0,1.62762451171875,1.6282959,1.8321838
68,15,BCC-CSM2-MR,0,1.626007080078125,1.6282959,1.8321838
69,25,BCC-CSM2-MR,0,1.627410888671875,1.6282959,1.8321838
70,35,BCC-CSM2-MR,0,1.628143310546875,1.6282959,1.8321838
71,45,BCC-CSM2-MR,0,1.627655029296875,1.6282959,1.8321838
72,55,BCC-CSM2-MR,0,1.625274658203125,1.6282959,1.8321838
73,65,BCC-CSM2-MR,0,1.623046875,1.6282959,1.8321838
74,75,BCC-CSM2-MR,0,1.623138427734375,1.6282959,1.8321838
75,85,BCC-CSM2-MR,0,1.619903564453125,1.6282959,1.8321838
76,90,BCC-CSM2-MR,0,1.614959716796875,1.6282959,1.8321838
77,95,BCC-CSM2-MR,0,1.60382080078125,1.6282959,1.8321838
78,98,BCC-CSM2-MR,0,1.593414306640625,1.6282959,1.8321838
79,99,BCC-CSM2-MR,0,1.59539794921875,1.6282959,1.8321838
80,1,BCC-CSM2-MR,1,2.493377685546875,2.4943542,1.8321838
81,2,BCC-CSM2-MR,1,2.4920654296875,2.4943542,1.8321838
82,5,BCC-CSM2-MR,1,2.493133544921875,2.4943542,1.8321838
83,10,BCC-CSM2-MR,1,2.498260498046875,2.4943542,1.8321838
84,15,BCC-CSM2-MR,1,2.506591796875,2.4943542,1.8321838
85,25,BCC-CSM2-MR,1,2.527435302734375,2.4943542,1.8321838
86,35,BCC-CSM2-MR,1,2.555419921875,2.4943542,1.8321838
87,45,BCC-CSM2-MR,1,2.590911865234375,2.4943542,1.8321838
88,55,BCC-CSM2-MR,1,2.63763427734375,2.4943542,1.8321838
89,65,BCC-CSM2-MR,1,2.696685791015625,2.4943542,1.8321838
90,75,BCC-CSM2-MR,1,2.770599365234375,2.4943542,1.8321838
91,85,BCC-CSM2-MR,1,2.83612060546875,2.4943542,1.8321838
92,90,BCC-CSM2-MR,1,2.848236083984375,2.4943542,1.8321838
93,95,BCC-CSM2-MR,1,2.857940673828125,2.4943542,1.8321838
94,98,BCC-CSM2-MR,1,2.93048095703125,2.4943542,1.8321838
95,99,BCC-CSM2-MR,1,2.9970703125,2.4943542,1.8321838
96,1,CanESM5,0,2.49591064453125,2.4907837,2.7763367
97,2,CanESM5,0,2.49993896484375,2.4907837,2.7763367
98,5,CanESM5,0,2.509033203125,2.4907837,2.7763367
99,10,CanESM5,0,2.520965576171875,2.4907837,2.7763367
100,15,CanESM5,0,2.5291748046875,2.4907837,2.7763367
101,25,CanESM5,0,2.5428466796875,2.4907837,2.7763367
102,35,CanESM5,0,2.549896240234375,2.4907837,2.7763367
103,45,CanESM5,0,2.551483154296875,2.4907837,2.7763367
104,55,CanESM5,0,2.54669189453125,2.4907837,2.7763367
105,65,CanESM5,0,2.5364990234375,2.4907837,2.7763367
106,75,CanESM5,0,2.52337646484375,2.4907837,2.7763367
107,85,CanESM5,0,2.510772705078125,2.4907837,2.7763367
108,90,CanESM5,0,2.508819580078125,2.4907837,2.7763367
109,95,CanESM5,0,2.52130126953125,2.4907837,2.7763367
110,98,CanESM5,0,2.564056396484375,2.4907837,2.7763367
111,99,CanESM5,0,2.61456298828125,2.4907837,2.7763367
112,1,CanESM5,1,3.73162841796875,3.7349854,2.7763367
113,2,CanESM5,1,3.728271484375,3.7349854,2.7763367
114,5,CanESM5,1,3.72503662109375,3.7349854,2.7763367
115,10,CanESM5,1,3.726837158203125,3.7349854,2.7763367
116,15,CanESM5,1,3.735595703125,3.7349854,2.7763367
117,25,CanESM5,1,3.771881103515625,3.7349854,2.7763367
118,35,CanESM5,1,3.836883544921875,3.7349854,2.7763367
119,45,CanESM5,1,3.93017578125,3.7349854,2.7763367
120,55,CanESM5,1,4.058074951171875,3.7349854,2.7763367
121,65,CanESM5,1,4.239776611328125,3.7349854,2.7763367
122,75,CanESM5,1,4.496368408203125,3.7349854,2.7763367
123,85,CanESM5,1,4.77960205078125,3.7349854,2.7763367
124,90,CanESM5,1,4.9136962890625,3.7349854,2.7763367
125,95,CanESM5,1,5.120208740234375,3.7349854,2.7763367
126,98,CanESM5,1,5.31097412109375,3.7349854,2.7763367
127,99,CanESM5,1,5.3958740234375,3.7349854,2.7763367
128,1,CESM2-WACCM,0,2.51385498046875,2.5204468,2.678772
129,2,CESM2-WACCM,0,2.509429931640625,2.5204468,2.678772
130,5,CESM2-WACCM,0,2.498931884765625,2.5204468,2.678772
131,10,CESM2-WACCM,0,2.488189697265625,2.5204468,2.678772
132,15,CESM2-WACCM,0,2.481292724609375,2.5204468,2.678772
133,25,CESM2-WACCM,0,2.469024658203125,2.5204468,2.678772
134,35,CESM2-WACCM,0,2.455963134765625,2.5204468,2.678772
135,45,CESM2-WACCM,0,2.441070556640625,2.5204468,2.678772
136,55,CESM2-WACCM,0,2.424835205078125,2.5204468,2.678772
137,65,CESM2-WACCM,0,2.40948486328125,2.5204468,2.678772
138,75,CESM2-WACCM,0,2.396087646484375,2.5204468,2.678772
139,85,CESM2-WACCM,0,2.39080810546875,2.5204468,2.678772
140,90,CESM2-WACCM,0,2.395416259765625,2.5204468,2.678772
141,95,CESM2-WACCM,0,2.417633056640625,2.5204468,2.678772
142,98,CESM2-WACCM,0,2.476898193359375,2.5204468,2.678772
143,99,CESM2-WACCM,0,2.54998779296875,2.5204468,2.678772
144,1,CESM2-WACCM,1,3.1988525390625,3.2015991,2.678772
145,2,CESM2-WACCM,1,3.197296142578125,3.2015991,2.678772
146,5,CESM2-WACCM,1,3.1942138671875,3.2015991,2.678772
147,10,CESM2-WACCM,1,3.1962890625,3.2015991,2.678772
148,15,CESM2-WACCM,1,3.202911376953125,3.2015991,2.678772
149,25,CESM2-WACCM,1,3.226806640625,3.2015991,2.678772
150,35,CESM2-WACCM,1,3.264251708984375,3.2015991,2.678772
151,45,CESM2-WACCM,1,3.318634033203125,3.2015991,2.678772
152,55,CESM2-WACCM,1,3.388519287109375,3.2015991,2.678772
153,65,CESM2-WACCM,1,3.475677490234375,3.2015991,2.678772
154,75,CESM2-WACCM,1,3.584442138671875,3.2015991,2.678772
155,85,CESM2-WACCM,1,3.73309326171875,3.2015991,2.678772
156,90,CESM2-WACCM,1,3.82843017578125,3.2015991,2.678772
157,95,CESM2-WACCM,1,3.91571044921875,3.2015991,2.678772
158,98,CESM2-WACCM,1,3.973602294921875,3.2015991,2.678772
159,99,CESM2-WACCM,1,3.993377685546875,3.2015991,2.678772
160,1,CNRM-CM6-1,0,2.083709716796875,2.0804138,2.32016
161,2,CNRM-CM6-1,0,2.085784912109375,2.0804138,2.32016
162,5,CNRM-CM6-1,0,2.09423828125,2.0804138,2.32016
163,10,CNRM-CM6-1,0,2.105499267578125,2.0804138,2.32016
164,15,CNRM-CM6-1,0,2.116180419921875,2.0804138,2.32016
165,25,CNRM-CM6-1,0,2.129547119140625,2.0804138,2.32016
166,35,CNRM-CM6-1,0,2.139007568359375,2.0804138,2.32016
167,45,CNRM-CM6-1,0,2.14703369140625,2.0804138,2.32016
168,55,CNRM-CM6-1,0,2.153350830078125,2.0804138,2.32016
169,65,CNRM-CM6-1,0,2.16253662109375,2.0804138,2.32016
170,75,CNRM-CM6-1,0,2.174774169921875,2.0804138,2.32016
171,85,CNRM-CM6-1,0,2.194427490234375,2.0804138,2.32016
172,90,CNRM-CM6-1,0,2.209808349609375,2.0804138,2.32016
173,95,CNRM-CM6-1,0,2.23681640625,2.0804138,2.32016
174,98,CNRM-CM6-1,0,2.269287109375,2.0804138,2.32016
175,99,CNRM-CM6-1,0,2.2857666015625,2.0804138,2.32016
176,1,CNRM-CM6-1,1,3.112152099609375,3.1136475,2.32016
177,2,CNRM-CM6-1,1,3.11407470703125,3.1136475,2.32016
178,5,CNRM-CM6-1,1,3.118316650390625,3.1136475,2.32016
179,10,CNRM-CM6-1,1,3.126129150390625,3.1136475,2.32016
180,15,CNRM-CM6-1,1,3.13336181640625,3.1136475,2.32016
181,25,CNRM-CM6-1,1,3.15936279296875,3.1136475,2.32016
182,35,CNRM-CM6-1,1,3.203887939453125,3.1136475,2.32016
183,45,CNRM-CM6-1,1,3.262603759765625,3.1136475,2.32016
184,55,CNRM-CM6-1,1,3.334075927734375,3.1136475,2.32016
185,65,CNRM-CM6-1,1,3.41290283203125,3.1136475,2.32016
186,75,CNRM-CM6-1,1,3.49652099609375,3.1136475,2.32016
187,85,CNRM-CM6-1,1,3.58416748046875,3.1136475,2.32016
188,90,CNRM-CM6-1,1,3.635345458984375,3.1136475,2.32016
189,95,CNRM-CM6-1,1,3.70843505859375,3.1136475,2.32016
190,98,CNRM-CM6-1,1,3.779205322265625,3.1136475,2.32016
191,99,CNRM-CM6-1,1,3.805633544921875,3.1136475,2.32016
192,1,CNRM-ESM2-1,0,2.11517333984375,2.1114502,2.3559875
193,2,CNRM-ESM2-1,0,2.11737060546875,2.1114502,2.3559875
194,5,CNRM-ESM2-1,0,2.124908447265625,2.1114502,2.3559875
195,10,CNRM-ESM2-1,0,2.134735107421875,2.1114502,2.3559875
196,15,CNRM-ESM2-1,0,2.144744873046875,2.1114502,2.3559875
197,25,CNRM-ESM2-1,0,2.159393310546875,2.1114502,2.3559875
198,35,CNRM-ESM2-1,0,2.1705322265625,2.1114502,2.3559875
199,45,CNRM-ESM2-1,0,2.180816650390625,2.1114502,2.3559875
200,55,CNRM-ESM2-1,0,2.190277099609375,2.1114502,2.3559875
201,65,CNRM-ESM2-1,0,2.20147705078125,2.1114502,2.3559875
202,75,CNRM-ESM2-1,0,2.215606689453125,2.1114502,2.3559875
203,85,CNRM-ESM2-1,0,2.23681640625,2.1114502,2.3559875
204,90,CNRM-ESM2-1,0,2.25286865234375,2.1114502,2.3559875
205,95,CNRM-ESM2-1,0,2.277740478515625,2.1114502,2.3559875
206,98,CNRM-ESM2-1,0,2.294708251953125,2.1114502,2.3559875
207,99,CNRM-ESM2-1,0,2.29425048828125,2.1114502,2.3559875
208,1,CNRM-ESM2-1,1,3.1640625,3.165039,2.3559875
209,2,CNRM-ESM2-1,1,3.16552734375,3.165039,2.3559875
210,5,CNRM-ESM2-1,1,3.174072265625,3.165039,2.3559875
211,10,CNRM-ESM2-1,1,3.188995361328125,3.165039,2.3559875
212,15,CNRM-ESM2-1,1,3.203338623046875,3.165039,2.3559875
213,25,CNRM-ESM2-1,1,3.239044189453125,3.165039,2.3559875
214,35,CNRM-ESM2-1,1,3.28936767578125,3.165039,2.3559875
215,45,CNRM-ESM2-1,1,3.349578857421875,3.165039,2.3559875
216,55,CNRM-ESM2-1,1,3.414398193359375,3.165039,2.3559875
217,65,CNRM-ESM2-1,1,3.47882080078125,3.165039,2.3559875
218,75,CNRM-ESM2-1,1,3.54388427734375,3.165039,2.3559875
219,85,CNRM-ESM2-1,1,3.6309814453125,3.165039,2.3559875
220,90,CNRM-ESM2-1,1,3.69879150390625,3.165039,2.3559875
221,95,CNRM-ESM2-1,1,3.818572998046875,3.165039,2.3559875
222,98,CNRM-ESM2-1,1,3.937652587890625,3.165039,2.3559875
223,99,CNRM-ESM2-1,1,4.006134033203125,3.165039,2.3559875
224,1,GFDL-CM4,0,1.93341064453125,1.9306335,2.1062012
225,2,GFDL-CM4,0,1.936920166015625,1.9306335,2.1062012
226,5,GFDL-CM4,0,1.944488525390625,1.9306335,2.1062012
227,10,GFDL-CM4,0,1.952911376953125,1.9306335,2.1062012
228,15,GFDL-CM4,0,1.9622802734375,1.9306335,2.1062012
229,25,GFDL-CM4,0,1.974517822265625,1.9306335,2.1062012
230,35,GFDL-CM4,0,1.9847412109375,1.9306335,2.1062012
231,45,GFDL-CM4,0,1.99237060546875,1.9306335,2.1062012
232,55,GFDL-CM4,0,1.998779296875,1.9306335,2.1062012
233,65,GFDL-CM4,0,2.006103515625,1.9306335,2.1062012
234,75,GFDL-CM4,0,2.015045166015625,1.9306335,2.1062012
235,85,GFDL-CM4,0,2.030853271484375,1.9306335,2.1062012
236,90,GFDL-CM4,0,2.04864501953125,1.9306335,2.1062012
237,95,GFDL-CM4,0,2.0899658203125,1.9306335,2.1062012
238,98,GFDL-CM4,0,2.15643310546875,1.9306335,2.1062012
239,99,GFDL-CM4,0,2.19488525390625,1.9306335,2.1062012
240,1,GFDL-CM4,1,2.67718505859375,2.680542,2.1062012
241,2,GFDL-CM4,1,2.674652099609375,2.680542,2.1062012
242,5,GFDL-CM4,1,2.670501708984375,2.680542,2.1062012
243,10,GFDL-CM4,1,2.6707763671875,2.680542,2.1062012
244,15,GFDL-CM4,1,2.677154541015625,2.680542,2.1062012
245,25,GFDL-CM4,1,2.69903564453125,2.680542,2.1062012
246,35,GFDL-CM4,1,2.732757568359375,2.680542,2.1062012
247,45,GFDL-CM4,1,2.780242919921875,2.680542,2.1062012
248,55,GFDL-CM4,1,2.843719482421875,2.680542,2.1062012
249,65,GFDL-CM4,1,2.927886962890625,2.680542,2.1062012
250,75,GFDL-CM4,1,3.04046630859375,2.680542,2.1062012
251,85,GFDL-CM4,1,3.163909912109375,2.680542,2.1062012
252,90,GFDL-CM4,1,3.21490478515625,2.680542,2.1062012
253,95,GFDL-CM4,1,3.280364990234375,2.680542,2.1062012
254,98,GFDL-CM4,1,3.3658447265625,2.680542,2.1062012
255,99,GFDL-CM4,1,3.4307861328125,2.680542,2.1062012
256,1,GFDL-ESM4,0,1.59674072265625,1.5941162,1.771698
257,2,GFDL-ESM4,0,1.597808837890625,1.5941162,1.771698
258,5,GFDL-ESM4,0,1.60369873046875,1.5941162,1.771698
259,10,GFDL-ESM4,0,1.6087646484375,1.5941162,1.771698
260,15,GFDL-ESM4,0,1.6123046875,1.5941162,1.771698
261,25,GFDL-ESM4,0,1.6181640625,1.5941162,1.771698
262,35,GFDL-ESM4,0,1.623046875,1.5941162,1.771698
263,45,GFDL-ESM4,0,1.623504638671875,1.5941162,1.771698
264,55,GFDL-ESM4,0,1.622283935546875,1.5941162,1.771698
265,65,GFDL-ESM4,0,1.621124267578125,1.5941162,1.771698
266,75,GFDL-ESM4,0,1.621002197265625,1.5941162,1.771698
267,85,GFDL-ESM4,0,1.624847412109375,1.5941162,1.771698
268,90,GFDL-ESM4,0,1.632171630859375,1.5941162,1.771698
269,95,GFDL-ESM4,0,1.655853271484375,1.5941162,1.771698
270,98,GFDL-ESM4,0,1.70501708984375,1.5941162,1.771698
271,99,GFDL-ESM4,0,1.73223876953125,1.5941162,1.771698
272,1,GFDL-ESM4,1,2.34930419921875,2.3527222,1.771698
273,2,GFDL-ESM4,1,2.348724365234375,2.3527222,1.771698
274,5,GFDL-ESM4,1,2.34637451171875,2.3527222,1.771698
275,10,GFDL-ESM4,1,2.34991455078125,2.3527222,1.771698
276,15,GFDL-ESM4,1,2.358123779296875,2.3527222,1.771698
277,25,GFDL-ESM4,1,2.379608154296875,2.3527222,1.771698
278,35,GFDL-ESM4,1,2.409820556640625,2.3527222,1.771698
279,45,GFDL-ESM4,1,2.44970703125,2.3527222,1.771698
280,55,GFDL-ESM4,1,2.50421142578125,2.3527222,1.771698
281,65,GFDL-ESM4,1,2.575836181640625,2.3527222,1.771698
282,75,GFDL-ESM4,1,2.66949462890625,2.3527222,1.771698
283,85,GFDL-ESM4,1,2.769561767578125,2.3527222,1.771698
284,90,GFDL-ESM4,1,2.826995849609375,2.3527222,1.771698
285,95,GFDL-ESM4,1,2.898101806640625,2.3527222,1.771698
286,98,GFDL-ESM4,1,2.9547119140625,2.3527222,1.771698
287,99,GFDL-ESM4,1,2.992401123046875,2.3527222,1.771698
288,1,HadGEM3-GC31-LL,0,2.65814208984375,2.6574402,2.9598083
289,2,HadGEM3-GC31-LL,0,2.65765380859375,2.6574402,2.9598083
290,5,HadGEM3-GC31-LL,0,2.657501220703125,2.6574402,2.9598083
291,10,HadGEM3-GC31-LL,0,2.660369873046875,2.6574402,2.9598083
292,15,HadGEM3-GC31-LL,0,2.663970947265625,2.6574402,2.9598083
293,25,HadGEM3-GC31-LL,0,2.66998291015625,2.6574402,2.9598083
294,35,HadGEM3-GC31-LL,0,2.672210693359375,2.6574402,2.9598083
295,45,HadGEM3-GC31-LL,0,2.671234130859375,2.6574402,2.9598083
296,55,HadGEM3-GC31-LL,0,2.667938232421875,2.6574402,2.9598083
297,65,HadGEM3-GC31-LL,0,2.666259765625,2.6574402,2.9598083
298,75,HadGEM3-GC31-LL,0,2.670074462890625,2.6574402,2.9598083
299,85,HadGEM3-GC31-LL,0,2.683990478515625,2.6574402,2.9598083
300,90,HadGEM3-GC31-LL,0,2.69842529296875,2.6574402,2.9598083
301,95,HadGEM3-GC31-LL,0,2.7281494140625,2.6574402,2.9598083
302,98,HadGEM3-GC31-LL,0,2.771484375,2.6574402,2.9598083
303,99,HadGEM3-GC31-LL,0,2.8045654296875,2.6574402,2.9598083
304,1,HadGEM3-GC31-LL,1,3.957305908203125,3.958374,2.9598083
305,2,HadGEM3-GC31-LL,1,3.957611083984375,3.958374,2.9598083
306,5,HadGEM3-GC31-LL,1,3.958831787109375,3.958374,2.9598083
307,10,HadGEM3-GC31-LL,1,3.96661376953125,3.958374,2.9598083
308,15,HadGEM3-GC31-LL,1,3.977386474609375,3.958374,2.9598083
309,25,HadGEM3-GC31-LL,1,4.005279541015625,3.958374,2.9598083
310,35,HadGEM3-GC31-LL,1,4.0418701171875,3.958374,2.9598083
311,45,HadGEM3-GC31-LL,1,4.09393310546875,3.958374,2.9598083
312,55,HadGEM3-GC31-LL,1,4.160064697265625,3.958374,2.9598083
313,65,HadGEM3-GC31-LL,1,4.232452392578125,3.958374,2.9598083
314,75,HadGEM3-GC31-LL,1,4.29827880859375,3.958374,2.9598083
315,85,HadGEM3-GC31-LL,1,4.322113037109375,3.958374,2.9598083
316,90,HadGEM3-GC31-LL,1,4.3062744140625,3.958374,2.9598083
317,95,HadGEM3-GC31-LL,1,4.274261474609375,3.958374,2.9598083
318,98,HadGEM3-GC31-LL,1,4.2642822265625,3.958374,2.9598083
319,99,HadGEM3-GC31-LL,1,4.273345947265625,3.958374,2.9598083
320,1,INM-CM4-8,0,1.35882568359375,1.3584595,1.4627991
321,2,INM-CM4-8,0,1.36016845703125,1.3584595,1.4627991
322,5,INM-CM4-8,0,1.362762451171875,1.3584595,1.4627991
323,10,INM-CM4-8,0,1.364532470703125,1.3584595,1.4627991
324,15,INM-CM4-8,0,1.365264892578125,1.3584595,1.4627991
325,25,INM-CM4-8,0,1.368896484375,1.3584595,1.4627991
326,35,INM-CM4-8,0,1.369293212890625,1.3584595,1.4627991
327,45,INM-CM4-8,0,1.36981201171875,1.3584595,1.4627991
328,55,INM-CM4-8,0,1.37103271484375,1.3584595,1.4627991
329,65,INM-CM4-8,0,1.372344970703125,1.3584595,1.4627991
330,75,INM-CM4-8,0,1.3712158203125,1.3584595,1.4627991
331,85,INM-CM4-8,0,1.362640380859375,1.3584595,1.4627991
332,90,INM-CM4-8,0,1.357940673828125,1.3584595,1.4627991
333,95,INM-CM4-8,0,1.36572265625,1.3584595,1.4627991
334,98,INM-CM4-8,0,1.415771484375,1.3584595,1.4627991
335,99,INM-CM4-8,0,1.499267578125,1.3584595,1.4627991
336,1,INM-CM4-8,1,1.803680419921875,1.8043213,1.4627991
337,2,INM-CM4-8,1,1.800567626953125,1.8043213,1.4627991
338,5,INM-CM4-8,1,1.791717529296875,1.8043213,1.4627991
339,10,INM-CM4-8,1,1.77996826171875,1.8043213,1.4627991
340,15,INM-CM4-8,1,1.7734375,1.8043213,1.4627991
341,25,INM-CM4-8,1,1.7705078125,1.8043213,1.4627991
342,35,INM-CM4-8,1,1.780242919921875,1.8043213,1.4627991
343,45,INM-CM4-8,1,1.80609130859375,1.8043213,1.4627991
344,55,INM-CM4-8,1,1.84814453125,1.8043213,1.4627991
345,65,INM-CM4-8,1,1.913055419921875,1.8043213,1.4627991
346,75,INM-CM4-8,1,2.0162353515625,1.8043213,1.4627991
347,85,INM-CM4-8,1,2.208984375,1.8043213,1.4627991
348,90,INM-CM4-8,1,2.32696533203125,1.8043213,1.4627991
349,95,INM-CM4-8,1,2.500518798828125,1.8043213,1.4627991
350,98,INM-CM4-8,1,2.647705078125,1.8043213,1.4627991
351,99,INM-CM4-8,1,2.683929443359375,1.8043213,1.4627991
352,1,INM-CM5-0,0,1.3441162109375,1.3442688,1.4304199
353,2,INM-CM5-0,0,1.34368896484375,1.3442688,1.4304199
354,5,INM-CM5-0,0,1.343597412109375,1.3442688,1.4304199
355,10,INM-CM5-0,0,1.3424072265625,1.3442688,1.4304199
356,15,INM-CM5-0,0,1.33880615234375,1.3442688,1.4304199
357,25,INM-CM5-0,0,1.334930419921875,1.3442688,1.4304199
358,35,INM-CM5-0,0,1.33282470703125,1.3442688,1.4304199
359,45,INM-CM5-0,0,1.330535888671875,1.3442688,1.4304199
360,55,INM-CM5-0,0,1.328826904296875,1.3442688,1.4304199
361,65,INM-CM5-0,0,1.3251953125,1.3442688,1.4304199
362,75,INM-CM5-0,0,1.3201904296875,1.3442688,1.4304199
363,85,INM-CM5-0,0,1.3143310546875,1.3442688,1.4304199
364,90,INM-CM5-0,0,1.313262939453125,1.3442688,1.4304199
365,95,INM-CM5-0,0,1.322357177734375,1.3442688,1.4304199
366,98,INM-CM5-0,0,1.3607177734375,1.3442688,1.4304199
367,99,INM-CM5-0,0,1.422515869140625,1.3442688,1.4304199
368,1,INM-CM5-0,1,1.717926025390625,1.7173157,1.4304199
369,2,INM-CM5-0,1,1.716705322265625,1.7173157,1.4304199
370,5,INM-CM5-0,1,1.709625244140625,1.7173157,1.4304199
371,10,INM-CM5-0,1,1.69866943359375,1.7173157,1.4304199
372,15,INM-CM5-0,1,1.692657470703125,1.7173157,1.4304199
373,25,INM-CM5-0,1,1.688934326171875,1.7173157,1.4304199
374,35,INM-CM5-0,1,1.698028564453125,1.7173157,1.4304199
375,45,INM-CM5-0,1,1.72332763671875,1.7173157,1.4304199
376,55,INM-CM5-0,1,1.76641845703125,1.7173157,1.4304199
377,65,INM-CM5-0,1,1.832000732421875,1.7173157,1.4304199
378,75,INM-CM5-0,1,1.938507080078125,1.7173157,1.4304199
379,85,INM-CM5-0,1,2.1195068359375,1.7173157,1.4304199
380,90,INM-CM5-0,1,2.2357177734375,1.7173157,1.4304199
381,95,INM-CM5-0,1,2.4324951171875,1.7173157,1.4304199
382,98,INM-CM5-0,1,2.60369873046875,1.7173157,1.4304199
383,99,INM-CM5-0,1,2.649261474609375,1.7173157,1.4304199
384,1,KACE-1-0-G,0,2.362884521484375,2.361084,2.536316
385,2,KACE-1-0-G,0,2.363555908203125,2.361084,2.536316
386,5,KACE-1-0-G,0,2.367706298828125,2.361084,2.536316
387,10,KACE-1-0-G,0,2.37176513671875,2.361084,2.536316
388,15,KACE-1-0-G,0,2.37469482421875,2.361084,2.536316
389,25,KACE-1-0-G,0,2.37689208984375,2.361084,2.536316
390,35,KACE-1-0-G,0,2.37860107421875,2.361084,2.536316
391,45,KACE-1-0-G,0,2.378265380859375,2.361084,2.536316
392,55,KACE-1-0-G,0,2.377532958984375,2.361084,2.536316
393,65,KACE-1-0-G,0,2.3790283203125,2.361084,2.536316
394,75,KACE-1-0-G,0,2.386688232421875,2.361084,2.536316
395,85,KACE-1-0-G,0,2.404052734375,2.361084,2.536316
396,90,KACE-1-0-G,0,2.420623779296875,2.361084,2.536316
397,95,KACE-1-0-G,0,2.451873779296875,2.361084,2.536316
398,98,KACE-1-0-G,0,2.510650634765625,2.361084,2.536316
399,99,KACE-1-0-G,0,2.583831787109375,2.361084,2.536316
400,1,KACE-1-0-G,1,3.114959716796875,3.1148987,2.536316
401,2,KACE-1-0-G,1,3.11456298828125,3.1148987,2.536316
402,5,KACE-1-0-G,1,3.113525390625,3.1148987,2.536316
403,10,KACE-1-0-G,1,3.1187744140625,3.1148987,2.536316
404,15,KACE-1-0-G,1,3.128448486328125,3.1148987,2.536316
405,25,KACE-1-0-G,1,3.1524658203125,3.1148987,2.536316
406,35,KACE-1-0-G,1,3.183929443359375,3.1148987,2.536316
407,45,KACE-1-0-G,1,3.2235107421875,3.1148987,2.536316
408,55,KACE-1-0-G,1,3.267181396484375,3.1148987,2.536316
409,65,KACE-1-0-G,1,3.31201171875,3.1148987,2.536316
410,75,KACE-1-0-G,1,3.360443115234375,3.1148987,2.536316
411,85,KACE-1-0-G,1,3.429046630859375,3.1148987,2.536316
412,90,KACE-1-0-G,1,3.488311767578125,3.1148987,2.536316
413,95,KACE-1-0-G,1,3.58343505859375,3.1148987,2.536316
414,98,KACE-1-0-G,1,3.67205810546875,3.1148987,2.536316
415,99,KACE-1-0-G,1,3.7110595703125,3.1148987,2.536316
416,1,MIROC-ES2L,0,1.662628173828125,1.6603088,1.7772827
417,2,MIROC-ES2L,0,1.66534423828125,1.6603088,1.7772827
418,5,MIROC-ES2L,0,1.6719970703125,1.6603088,1.7772827
419,10,MIROC-ES2L,0,1.680755615234375,1.6603088,1.7772827
420,15,MIROC-ES2L,0,1.68804931640625,1.6603088,1.7772827
421,25,MIROC-ES2L,0,1.698394775390625,1.6603088,1.7772827
422,35,MIROC-ES2L,0,1.7022705078125,1.6603088,1.7772827
423,45,MIROC-ES2L,0,1.7003173828125,1.6603088,1.7772827
424,55,MIROC-ES2L,0,1.694366455078125,1.6603088,1.7772827
425,65,MIROC-ES2L,0,1.685028076171875,1.6603088,1.7772827
426,75,MIROC-ES2L,0,1.6724853515625,1.6603088,1.7772827
427,85,MIROC-ES2L,0,1.657135009765625,1.6603088,1.7772827
428,90,MIROC-ES2L,0,1.649627685546875,1.6603088,1.7772827
429,95,MIROC-ES2L,0,1.647705078125,1.6603088,1.7772827
430,98,MIROC-ES2L,0,1.670989990234375,1.6603088,1.7772827
431,99,MIROC-ES2L,0,1.720306396484375,1.6603088,1.7772827
432,1,MIROC-ES2L,1,2.152618408203125,2.153717,1.7772827
433,2,MIROC-ES2L,1,2.152496337890625,2.153717,1.7772827
434,5,MIROC-ES2L,1,2.154388427734375,2.153717,1.7772827
435,10,MIROC-ES2L,1,2.15972900390625,2.153717,1.7772827
436,15,MIROC-ES2L,1,2.167724609375,2.153717,1.7772827
437,25,MIROC-ES2L,1,2.1890869140625,2.153717,1.7772827
438,35,MIROC-ES2L,1,2.219573974609375,2.153717,1.7772827
439,45,MIROC-ES2L,1,2.259857177734375,2.153717,1.7772827
440,55,MIROC-ES2L,1,2.31134033203125,2.153717,1.7772827
441,65,MIROC-ES2L,1,2.383514404296875,2.153717,1.7772827
442,75,MIROC-ES2L,1,2.485076904296875,2.153717,1.7772827
443,85,MIROC-ES2L,1,2.611602783203125,2.153717,1.7772827
444,90,MIROC-ES2L,1,2.7001953125,2.153717,1.7772827
445,95,MIROC-ES2L,1,2.854949951171875,2.153717,1.7772827
446,98,MIROC-ES2L,1,3.0078125,2.153717,1.7772827
447,99,MIROC-ES2L,1,3.03143310546875,2.153717,1.7772827
448,1,MPI-ESM1-2-LR,0,1.443817138671875,1.4445496,1.5511475
449,2,MPI-ESM1-2-LR,0,1.444061279296875,1.4445496,1.5511475
450,5,MPI-ESM1-2-LR,0,1.4464111328125,1.4445496,1.5511475
451,10,MPI-ESM1-2-LR,0,1.45037841796875,1.4445496,1.5511475
452,15,MPI-ESM1-2-LR,0,1.453033447265625,1.4445496,1.5511475
453,25,MPI-ESM1-2-LR,0,1.457366943359375,1.4445496,1.5511475
454,35,MPI-ESM1-2-LR,0,1.4613037109375,1.4445496,1.5511475
455,45,MPI-ESM1-2-LR,0,1.463226318359375,1.4445496,1.5511475
456,55,MPI-ESM1-2-LR,0,1.465423583984375,1.4445496,1.5511475
457,65,MPI-ESM1-2-LR,0,1.4677734375,1.4445496,1.5511475
458,75,MPI-ESM1-2-LR,0,1.46881103515625,1.4445496,1.5511475
459,85,MPI-ESM1-2-LR,0,1.468353271484375,1.4445496,1.5511475
460,90,MPI-ESM1-2-LR,0,1.46783447265625,1.4445496,1.5511475
461,95,MPI-ESM1-2-LR,0,1.4698486328125,1.4445496,1.5511475
462,98,MPI-ESM1-2-LR,0,1.484375,1.4445496,1.5511475
463,99,MPI-ESM1-2-LR,0,1.50860595703125,1.4445496,1.5511475
464,1,MPI-ESM1-2-LR,1,1.89990234375,1.9054565,1.5511475
465,2,MPI-ESM1-2-LR,1,1.89434814453125,1.9054565,1.5511475
466,5,MPI-ESM1-2-LR,1,1.885986328125,1.9054565,1.5511475
467,10,MPI-ESM1-2-LR,1,1.881103515625,1.9054565,1.5511475
468,15,MPI-ESM1-2-LR,1,1.88006591796875,1.9054565,1.5511475
469,25,MPI-ESM1-2-LR,1,1.8837890625,1.9054565,1.5511475
470,35,MPI-ESM1-2-LR,1,1.901611328125,1.9054565,1.5511475
471,45,MPI-ESM1-2-LR,1,1.930908203125,1.9054565,1.5511475
472,55,MPI-ESM1-2-LR,1,1.971221923828125,1.9054565,1.5511475
473,65,MPI-ESM1-2-LR,1,2.0238037109375,1.9054565,1.5511475
474,75,MPI-ESM1-2-LR,1,2.09222412109375,1.9054565,1.5511475
475,85,MPI-ESM1-2-LR,1,2.16961669921875,1.9054565,1.5511475
476,90,MPI-ESM1-2-LR,1,2.210052490234375,1.9054565,1.5511475
477,95,MPI-ESM1-2-LR,1,2.26220703125,1.9054565,1.5511475
478,98,MPI-ESM1-2-LR,1,2.280120849609375,1.9054565,1.5511475
479,99,MPI-ESM1-2-LR,1,2.27874755859375,1.9054565,1.5511475
480,1,MRI-ESM2-0,0,1.827056884765625,1.8265381,1.9578247
481,2,MRI-ESM2-0,0,1.8270263671875,1.8265381,1.9578247
482,5,MRI-ESM2-0,0,1.8284912109375,1.8265381,1.9578247
483,10,MRI-ESM2-0,0,1.829193115234375,1.8265381,1.9578247
484,15,MRI-ESM2-0,0,1.830169677734375,1.8265381,1.9578247
485,25,MRI-ESM2-0,0,1.833343505859375,1.8265381,1.9578247
486,35,MRI-ESM2-0,0,1.8370361328125,1.8265381,1.9578247
487,45,MRI-ESM2-0,0,1.83782958984375,1.8265381,1.9578247
488,55,MRI-ESM2-0,0,1.83935546875,1.8265381,1.9578247
489,65,MRI-ESM2-0,0,1.841644287109375,1.8265381,1.9578247
490,75,MRI-ESM2-0,0,1.843597412109375,1.8265381,1.9578247
491,85,MRI-ESM2-0,0,1.849517822265625,1.8265381,1.9578247
492,90,MRI-ESM2-0,0,1.860687255859375,1.8265381,1.9578247
493,95,MRI-ESM2-0,0,1.89129638671875,1.8265381,1.9578247
494,98,MRI-ESM2-0,0,1.956878662109375,1.8265381,1.9578247
495,99,MRI-ESM2-0,0,2.02899169921875,1.8265381,1.9578247
496,1,MRI-ESM2-0,1,2.38311767578125,2.3872375,1.9578247
497,2,MRI-ESM2-0,1,2.384613037109375,2.3872375,1.9578247
498,5,MRI-ESM2-0,1,2.386383056640625,2.3872375,1.9578247
499,10,MRI-ESM2-0,1,2.38958740234375,2.3872375,1.9578247
500,15,MRI-ESM2-0,1,2.39581298828125,2.3872375,1.9578247
501,25,MRI-ESM2-0,1,2.417938232421875,2.3872375,1.9578247
502,35,MRI-ESM2-0,1,2.449493408203125,2.3872375,1.9578247
503,45,MRI-ESM2-0,1,2.49688720703125,2.3872375,1.9578247
504,55,MRI-ESM2-0,1,2.566070556640625,2.3872375,1.9578247
505,65,MRI-ESM2-0,1,2.663604736328125,2.3872375,1.9578247
506,75,MRI-ESM2-0,1,2.795196533203125,2.3872375,1.9578247
507,85,MRI-ESM2-0,1,2.951263427734375,2.3872375,1.9578247
508,90,MRI-ESM2-0,1,3.032958984375,2.3872375,1.9578247
509,95,MRI-ESM2-0,1,3.13677978515625,2.3872375,1.9578247
510,98,MRI-ESM2-0,1,3.22918701171875,2.3872375,1.9578247
511,99,MRI-ESM2-0,1,3.27520751953125,2.3872375,1.9578247
512,1,NorESM2-LM,0,1.6070556640625,1.6014099,1.7868652
513,2,NorESM2-LM,0,1.61083984375,1.6014099,1.7868652
514,5,NorESM2-LM,0,1.62451171875,1.6014099,1.7868652
515,10,NorESM2-LM,0,1.64300537109375,1.6014099,1.7868652
516,15,NorESM2-LM,0,1.658233642578125,1.6014099,1.7868652
517,25,NorESM2-LM,0,1.678955078125,1.6014099,1.7868652
518,35,NorESM2-LM,0,1.6888427734375,1.6014099,1.7868652
519,45,NorESM2-LM,0,1.691741943359375,1.6014099,1.7868652
520,55,NorESM2-LM,0,1.69195556640625,1.6014099,1.7868652
521,65,NorESM2-LM,0,1.6912841796875,1.6014099,1.7868652
522,75,NorESM2-LM,0,1.6920166015625,1.6014099,1.7868652
523,85,NorESM2-LM,0,1.69647216796875,1.6014099,1.7868652
524,90,NorESM2-LM,0,1.704376220703125,1.6014099,1.7868652
525,95,NorESM2-LM,0,1.728729248046875,1.6014099,1.7868652
526,98,NorESM2-LM,0,1.787078857421875,1.6014099,1.7868652
527,99,NorESM2-LM,0,1.866943359375,1.6014099,1.7868652
528,1,NorESM2-LM,1,2.38958740234375,2.3898315,1.7868652
529,2,NorESM2-LM,1,2.38958740234375,2.3898315,1.7868652
530,5,NorESM2-LM,1,2.3880615234375,2.3898315,1.7868652
531,10,NorESM2-LM,1,2.386077880859375,2.3898315,1.7868652
532,15,NorESM2-LM,1,2.390960693359375,2.3898315,1.7868652
533,25,NorESM2-LM,1,2.412689208984375,2.3898315,1.7868652
534,35,NorESM2-LM,1,2.4508056640625,2.3898315,1.7868652
535,45,NorESM2-LM,1,2.503631591796875,2.3898315,1.7868652
536,55,NorESM2-LM,1,2.56982421875,2.3898315,1.7868652
537,65,NorESM2-LM,1,2.653472900390625,2.3898315,1.7868652
538,75,NorESM2-LM,1,2.766204833984375,2.3898315,1.7868652
539,85,NorESM2-LM,1,2.926544189453125,2.3898315,1.7868652
540,90,NorESM2-LM,1,3.0335693359375,2.3898315,1.7868652
541,95,NorESM2-LM,1,3.161590576171875,2.3898315,1.7868652
542,98,NorESM2-LM,1,3.234283447265625,2.3898315,1.7868652
543,99,NorESM2-LM,1,3.247589111328125,2.3898315,1.7868652
544,1,UKESM1-0-LL,0,2.894378662109375,2.8931885,3.2128296
545,2,UKESM1-0-LL,0,2.89337158203125,2.8931885,3.2128296
546,5,UKESM1-0-LL,0,2.8922119140625,2.8931885,3.2128296
547,10,UKESM1-0-LL,0,2.895538330078125,2.8931885,3.2128296
548,15,UKESM1-0-LL,0,2.8978271484375,2.8931885,3.2128296
549,25,UKESM1-0-LL,0,2.90325927734375,2.8931885,3.2128296
550,35,UKESM1-0-LL,0,2.90264892578125,2.8931885,3.2128296
551,45,UKESM1-0-LL,0,2.89862060546875,2.8931885,3.2128296
552,55,UKESM1-0-LL,0,2.890411376953125,2.8931885,3.2128296
553,65,UKESM1-0-LL,0,2.883880615234375,2.8931885,3.2128296
554,75,UKESM1-0-LL,0,2.8826904296875,2.8931885,3.2128296
555,85,UKESM1-0-LL,0,2.89105224609375,2.8931885,3.2128296
556,90,UKESM1-0-LL,0,2.90478515625,2.8931885,3.2128296
557,95,UKESM1-0-LL,0,2.9420166015625,2.8931885,3.2128296
558,98,UKESM1-0-LL,0,3.005401611328125,2.8931885,3.2128296
559,99,UKESM1-0-LL,0,3.053558349609375,2.8931885,3.2128296
560,1,UKESM1-0-LL,1,4.265106201171875,4.2681885,3.2128296
561,2,UKESM1-0-LL,1,4.2623291015625,4.2681885,3.2128296
562,5,UKESM1-0-LL,1,4.2603759765625,4.2681885,3.2128296
563,10,UKESM1-0-LL,1,4.263031005859375,4.2681885,3.2128296
564,15,UKESM1-0-LL,1,4.27093505859375,4.2681885,3.2128296
565,25,UKESM1-0-LL,1,4.29473876953125,4.2681885,3.2128296
566,35,UKESM1-0-LL,1,4.325714111328125,4.2681885,3.2128296
567,45,UKESM1-0-LL,1,4.369873046875,4.2681885,3.2128296
568,55,UKESM1-0-LL,1,4.42425537109375,4.2681885,3.2128296
569,65,UKESM1-0-LL,1,4.482269287109375,4.2681885,3.2128296
570,75,UKESM1-0-LL,1,4.530426025390625,4.2681885,3.2128296
571,85,UKESM1-0-LL,1,4.530181884765625,4.2681885,3.2128296
572,90,UKESM1-0-LL,1,4.502044677734375,4.2681885,3.2128296
573,95,UKESM1-0-LL,1,4.47821044921875,4.2681885,3.2128296
574,98,UKESM1-0-LL,1,4.503997802734375,4.2681885,3.2128296
575,99,UKESM1-0-LL,1,4.537200927734375,4.2681885,3.2128296
576,1,ACCESS-CM2,0,2.5112874835532466,2.447876,2.7328491
577,2,ACCESS-CM2,0,2.4907663292503344,2.447876,2.7328491
578,5,ACCESS-CM2,0,2.4647176624498,2.447876,2.7328491
579,10,ACCESS-CM2,0,2.4468464496341085,2.447876,2.7328491
580,15,ACCESS-CM2,0,2.441745631862944,2.447876,2.7328491
581,25,ACCESS-CM2,0,2.441910437146305,2.447876,2.7328491
582,35,ACCESS-CM2,0,2.44249551012058,2.447876,2.7328491
583,45,ACCESS-CM2,0,2.4426081274722264,2.447876,2.7328491
584,55,ACCESS-CM2,0,2.4496639830965705,2.447876,2.7328491
585,65,ACCESS-CM2,0,2.4534551385806367,2.447876,2.7328491
586,75,ACCESS-CM2,0,2.456467451333367,2.447876,2.7328491
587,85,ACCESS-CM2,0,2.451189572097917,2.447876,2.7328491
588,90,ACCESS-CM2,0,2.442698295397463,2.447876,2.7328491
589,95,ACCESS-CM2,0,2.429880928119473,2.447876,2.7328491
590,98,ACCESS-CM2,0,2.415896092392927,2.447876,2.7328491
591,99,ACCESS-CM2,0,2.398902428962685,2.447876,2.7328491
592,1,ACCESS-CM2,1,3.6521269418406064,3.6739502,2.7328491
593,2,ACCESS-CM2,1,3.6517246517755098,3.6739502,2.7328491
594,5,ACCESS-CM2,1,3.6598821559865655,3.6739502,2.7328491
595,10,ACCESS-CM2,1,3.655931215259102,3.6739502,2.7328491
596,15,ACCESS-CM2,1,3.649017975111235,3.6739502,2.7328491
597,25,ACCESS-CM2,1,3.600657615341049,3.6739502,2.7328491
598,35,ACCESS-CM2,1,3.5743506252584325,3.6739502,2.7328491
599,45,ACCESS-CM2,1,3.57706247538232,3.6739502,2.7328491
600,55,ACCESS-CM2,1,3.601249690549139,3.6739502,2.7328491
601,65,ACCESS-CM2,1,3.6569045379403633,3.6739502,2.7328491
602,75,ACCESS-CM2,1,3.730319324995605,3.6739502,2.7328491
603,85,ACCESS-CM2,1,3.8196033039665735,3.6739502,2.7328491
604,90,ACCESS-CM2,1,3.853826767524083,3.6739502,2.7328491
605,95,ACCESS-CM2,1,3.880330771225715,3.6739502,2.7328491
606,98,ACCESS-CM2,1,3.8931684392515535,3.6739502,2.7328491
607,99,ACCESS-CM2,1,3.891647544027933,3.6739502,2.7328491
608,1,ACCESS-ESM1-5,0,2.1990088284671856,2.1776428,2.428833
609,2,ACCESS-ESM1-5,0,2.191199228491428,2.1776428,2.428833
610,5,ACCESS-ESM1-5,0,2.187712859316377,2.1776428,2.428833
611,10,ACCESS-ESM1-5,0,2.1846441555518368,2.1776428,2.428833
612,15,ACCESS-ESM1-5,0,2.1798807142183136,2.1776428,2.428833
613,25,ACCESS-ESM1-5,0,2.1733205006653407,2.1776428,2.428833
614,35,ACCESS-ESM1-5,0,2.171725907872883,2.1776428,2.428833
615,45,ACCESS-ESM1-5,0,2.1748868000228185,2.1776428,2.428833
616,55,ACCESS-ESM1-5,0,2.181841921792625,2.1776428,2.428833
617,65,ACCESS-ESM1-5,0,2.1837003050518438,2.1776428,2.428833
618,75,ACCESS-ESM1-5,0,2.182248000703339,2.1776428,2.428833
619,85,ACCESS-ESM1-5,0,2.180890032990021,2.1776428,2.428833
620,90,ACCESS-ESM1-5,0,2.1754802941832736,2.1776428,2.428833
621,95,ACCESS-ESM1-5,0,2.1599532894462072,2.1776428,2.428833
622,98,ACCESS-ESM1-5,0,2.1447486183905653,2.1776428,2.428833
623,99,ACCESS-ESM1-5,0,2.135028227210796,2.1776428,2.428833
624,1,ACCESS-ESM1-5,1,3.141821297527656,3.2451782,2.428833
625,2,ACCESS-ESM1-5,1,3.114296946441357,3.2451782,2.428833
626,5,ACCESS-ESM1-5,1,3.072578397139125,3.2451782,2.428833
627,10,ACCESS-ESM1-5,1,3.0333415773467323,3.2451782,2.428833
628,15,ACCESS-ESM1-5,1,3.017019868058526,3.2451782,2.428833
629,25,ACCESS-ESM1-5,1,3.0364841724442613,3.2451782,2.428833
630,35,ACCESS-ESM1-5,1,3.096231852365804,3.2451782,2.428833
631,45,ACCESS-ESM1-5,1,3.15723318531019,3.2451782,2.428833
632,55,ACCESS-ESM1-5,1,3.226274350466497,3.2451782,2.428833
633,65,ACCESS-ESM1-5,1,3.2953756020101537,3.2451782,2.428833
634,75,ACCESS-ESM1-5,1,3.4076004441278087,3.2451782,2.428833
635,85,ACCESS-ESM1-5,1,3.5192493423248266,3.2451782,2.428833
636,90,ACCESS-ESM1-5,1,3.564414019965397,3.2451782,2.428833
637,95,ACCESS-ESM1-5,1,3.6069328349399834,3.2451782,2.428833
638,98,ACCESS-ESM1-5,1,3.6405550189397218,3.2451782,2.428833
639,99,ACCESS-ESM1-5,1,3.666863017617629,3.2451782,2.428833
640,1,BCC-CSM2-MR,0,1.6866681995342103,1.6282959,1.8321838
641,2,BCC-CSM2-MR,0,1.668344014829643,1.6282959,1.8321838
642,5,BCC-CSM2-MR,0,1.6506858038531504,1.6282959,1.8321838
643,10,BCC-CSM2-MR,0,1.644497195910958,1.6282959,1.8321838
644,15,BCC-CSM2-MR,0,1.6411490740077852,1.6282959,1.8321838
645,25,BCC-CSM2-MR,0,1.6421277727399683,1.6282959,1.8321838
646,35,BCC-CSM2-MR,0,1.6389977079285245,1.6282959,1.8321838
647,45,BCC-CSM2-MR,0,1.6366705296317718,1.6282959,1.8321838
648,55,BCC-CSM2-MR,0,1.6304846073769,1.6282959,1.8321838
649,65,BCC-CSM2-MR,0,1.624282339014428,1.6282959,1.8321838
650,75,BCC-CSM2-MR,0,1.6198039697140985,1.6282959,1.8321838
651,85,BCC-CSM2-MR,0,1.6197939407789477,1.6282959,1.8321838
652,90,BCC-CSM2-MR,0,1.6171865858569845,1.6282959,1.8321838
653,95,BCC-CSM2-MR,0,1.6128847891183111,1.6282959,1.8321838
654,98,BCC-CSM2-MR,0,1.6085844941783307,1.6282959,1.8321838
655,99,BCC-CSM2-MR,0,1.6005141851023836,1.6282959,1.8321838
656,1,BCC-CSM2-MR,1,2.3678873032342267,2.4943542,1.8321838
657,2,BCC-CSM2-MR,1,2.362831799847981,2.4943542,1.8321838
658,5,BCC-CSM2-MR,1,2.357386790094381,2.4943542,1.8321838
659,10,BCC-CSM2-MR,1,2.367052995836844,2.4943542,1.8321838
660,15,BCC-CSM2-MR,1,2.378689484696224,2.4943542,1.8321838
661,25,BCC-CSM2-MR,1,2.403986100320026,2.4943542,1.8321838
662,35,BCC-CSM2-MR,1,2.4402180222048173,2.4943542,1.8321838
663,45,BCC-CSM2-MR,1,2.475715292395762,2.4943542,1.8321838
664,55,BCC-CSM2-MR,1,2.5028940521565346,2.4943542,1.8321838
665,65,BCC-CSM2-MR,1,2.521430815734675,2.4943542,1.8321838
666,75,BCC-CSM2-MR,1,2.556820096196361,2.4943542,1.8321838
667,85,BCC-CSM2-MR,1,2.6115040879352023,2.4943542,1.8321838
668,90,BCC-CSM2-MR,1,2.6445493371638804,2.4943542,1.8321838
669,95,BCC-CSM2-MR,1,2.6875264955348825,2.4943542,1.8321838
670,98,BCC-CSM2-MR,1,2.7190389366271006,2.4943542,1.8321838
671,99,BCC-CSM2-MR,1,2.7380442443478046,2.4943542,1.8321838
672,1,CanESM5,0,2.4490383864362,2.4907837,2.7763367
673,2,CanESM5,0,2.4498898765400554,2.4907837,2.7763367
674,5,CanESM5,0,2.457408751327307,2.4907837,2.7763367
675,10,CanESM5,0,2.4620541916459047,2.4907837,2.7763367
676,15,CanESM5,0,2.466457569651368,2.4907837,2.7763367
677,25,CanESM5,0,2.477178698908688,2.4907837,2.7763367
678,35,CanESM5,0,2.483813134631646,2.4907837,2.7763367
679,45,CanESM5,0,2.488713649554711,2.4907837,2.7763367
680,55,CanESM5,0,2.4975650091247417,2.4907837,2.7763367
681,65,CanESM5,0,2.5013340803832307,2.4907837,2.7763367
682,75,CanESM5,0,2.50690865064189,2.4907837,2.7763367
683,85,CanESM5,0,2.50976371598,2.4907837,2.7763367
684,90,CanESM5,0,2.51091928746564,2.4907837,2.7763367
685,95,CanESM5,0,2.515984949265828,2.4907837,2.7763367
686,98,CanESM5,0,2.5265734431127385,2.4907837,2.7763367
687,99,CanESM5,0,2.538501131154703,2.4907837,2.7763367
688,1,CanESM5,1,3.631083972407112,3.7349854,2.7763367
689,2,CanESM5,1,3.584764221789783,3.7349854,2.7763367
690,5,CanESM5,1,3.5570436627253343,3.7349854,2.7763367
691,10,CanESM5,1,3.5652804430794163,3.7349854,2.7763367
692,15,CanESM5,1,3.5628428440467133,3.7349854,2.7763367
693,25,CanESM5,1,3.5285872104121268,3.7349854,2.7763367
694,35,CanESM5,1,3.5007942237106136,3.7349854,2.7763367
695,45,CanESM5,1,3.470970340803717,3.7349854,2.7763367
696,55,CanESM5,1,3.55676138260742,3.7349854,2.7763367
697,65,CanESM5,1,3.7201235079296,3.7349854,2.7763367
698,75,CanESM5,1,3.945731929704266,3.7349854,2.7763367
699,85,CanESM5,1,4.176836395263933,3.7349854,2.7763367
700,90,CanESM5,1,4.26188002193669,3.7349854,2.7763367
701,95,CanESM5,1,4.322766087101741,3.7349854,2.7763367
702,98,CanESM5,1,4.3316324824913295,3.7349854,2.7763367
703,99,CanESM5,1,4.317757805469228,3.7349854,2.7763367
704,1,CNRM-CM6-1,0,2.066196987641717,2.0804138,2.32016
705,2,CNRM-CM6-1,0,2.049126307463382,2.0804138,2.32016
706,5,CNRM-CM6-1,0,2.027950768130381,2.0804138,2.32016
707,10,CNRM-CM6-1,0,2.012968489547518,2.0804138,2.32016
708,15,CNRM-CM6-1,0,2.010253957918451,2.0804138,2.32016
709,25,CNRM-CM6-1,0,2.01763181549245,2.0804138,2.32016
710,35,CNRM-CM6-1,0,2.0301933695522507,2.0804138,2.32016
711,45,CNRM-CM6-1,0,2.0497551396285303,2.0804138,2.32016
712,55,CNRM-CM6-1,0,2.07954076117602,2.0804138,2.32016
713,65,CNRM-CM6-1,0,2.1101489431169966,2.0804138,2.32016
714,75,CNRM-CM6-1,0,2.138556406273551,2.0804138,2.32016
715,85,CNRM-CM6-1,0,2.1575936415194974,2.0804138,2.32016
716,90,CNRM-CM6-1,0,2.16540899577268,2.0804138,2.32016
717,95,CNRM-CM6-1,0,2.174087979426133,2.0804138,2.32016
718,98,CNRM-CM6-1,0,2.1810431398209857,2.0804138,2.32016
719,99,CNRM-CM6-1,0,2.1852494321162794,2.0804138,2.32016
720,1,CNRM-CM6-1,1,2.676879693628564,3.1136475,2.32016
721,2,CNRM-CM6-1,1,2.7148561456583025,3.1136475,2.32016
722,5,CNRM-CM6-1,1,2.784929902958368,3.1136475,2.32016
723,10,CNRM-CM6-1,1,2.8383938537483573,3.1136475,2.32016
724,15,CNRM-CM6-1,1,2.871101663816603,3.1136475,2.32016
725,25,CNRM-CM6-1,1,2.912064886411599,3.1136475,2.32016
726,35,CNRM-CM6-1,1,2.9724697842618752,3.1136475,2.32016
727,45,CNRM-CM6-1,1,3.054745722425196,3.1136475,2.32016
728,55,CNRM-CM6-1,1,3.1372229367072464,3.1136475,2.32016
729,65,CNRM-CM6-1,1,3.225024062007094,3.1136475,2.32016
730,75,CNRM-CM6-1,1,3.31776204945902,3.1136475,2.32016
731,85,CNRM-CM6-1,1,3.398764605078952,3.1136475,2.32016
732,90,CNRM-CM6-1,1,3.4344925566014126,3.1136475,2.32016
733,95,CNRM-CM6-1,1,3.4716546814294134,3.1136475,2.32016
734,98,CNRM-CM6-1,1,3.506298370824936,3.1136475,2.32016
735,99,CNRM-CM6-1,1,3.5334579625272227,3.1136475,2.32016
736,1,CNRM-ESM2-1,0,1.893570452193785,2.1114502,2.3559875
737,2,CNRM-ESM2-1,0,1.9099930875730136,2.1114502,2.3559875
738,5,CNRM-ESM2-1,0,1.9422792807988567,2.1114502,2.3559875
739,10,CNRM-ESM2-1,0,1.980702280309174,2.1114502,2.3559875
740,15,CNRM-ESM2-1,0,2.011624977755673,2.1114502,2.3559875
741,25,CNRM-ESM2-1,0,2.0498242186388893,2.1114502,2.3559875
742,35,CNRM-ESM2-1,0,2.0785164314119697,2.1114502,2.3559875
743,45,CNRM-ESM2-1,0,2.1048418998881857,2.1114502,2.3559875
744,55,CNRM-ESM2-1,0,2.128906824463741,2.1114502,2.3559875
745,65,CNRM-ESM2-1,0,2.1615957838300237,2.1114502,2.3559875
746,75,CNRM-ESM2-1,0,2.192139773296788,2.1114502,2.3559875
747,85,CNRM-ESM2-1,0,2.213830226394009,2.1114502,2.3559875
748,90,CNRM-ESM2-1,0,2.223691941488255,2.1114502,2.3559875
749,95,CNRM-ESM2-1,0,2.23547643650744,2.1114502,2.3559875
750,98,CNRM-ESM2-1,0,2.2466434856405613,2.1114502,2.3559875
751,99,CNRM-ESM2-1,0,2.2531181984628006,2.1114502,2.3559875
752,1,CNRM-ESM2-1,1,2.658777185289125,3.165039,2.3559875
753,2,CNRM-ESM2-1,1,2.691387689308556,3.165039,2.3559875
754,5,CNRM-ESM2-1,1,2.7571005223080647,3.165039,2.3559875
755,10,CNRM-ESM2-1,1,2.8285729487593585,3.165039,2.3559875
756,15,CNRM-ESM2-1,1,2.885194935246318,3.165039,2.3559875
757,25,CNRM-ESM2-1,1,2.9577297124996,3.165039,2.3559875
758,35,CNRM-ESM2-1,1,3.0235859438379293,3.165039,2.3559875
759,45,CNRM-ESM2-1,1,3.108055881854682,3.165039,2.3559875
760,55,CNRM-ESM2-1,1,3.1968275356231857,3.165039,2.3559875
761,65,CNRM-ESM2-1,1,3.2782502990236253,3.165039,2.3559875
762,75,CNRM-ESM2-1,1,3.3635116234358406,3.165039,2.3559875
763,85,CNRM-ESM2-1,1,3.478409963213039,3.165039,2.3559875
764,90,CNRM-ESM2-1,1,3.535712739056464,3.165039,2.3559875
765,95,CNRM-ESM2-1,1,3.599858251686612,3.165039,2.3559875
766,98,CNRM-ESM2-1,1,3.6523218699893514,3.165039,2.3559875
767,99,CNRM-ESM2-1,1,3.6893965314756088,3.165039,2.3559875
768,1,GFDL-CM4,0,1.8251464424531605,1.9306335,2.1062012
769,2,GFDL-CM4,0,1.8225817987329835,1.9306335,2.1062012
770,5,GFDL-CM4,0,1.817315140470612,1.9306335,2.1062012
771,10,GFDL-CM4,0,1.816172160149904,1.9306335,2.1062012
772,15,GFDL-CM4,0,1.823438369906228,1.9306335,2.1062012
773,25,GFDL-CM4,0,1.8483057446886733,1.9306335,2.1062012
774,35,GFDL-CM4,0,1.8805275536682304,1.9306335,2.1062012
775,45,GFDL-CM4,0,1.915646695221653,1.9306335,2.1062012
776,55,GFDL-CM4,0,1.9405323437158584,1.9306335,2.1062012
777,65,GFDL-CM4,0,1.965886206153641,1.9306335,2.1062012
778,75,GFDL-CM4,0,1.9961493763539693,1.9306335,2.1062012
779,85,GFDL-CM4,0,2.0325308509123943,1.9306335,2.1062012
780,90,GFDL-CM4,0,2.052647969751036,1.9306335,2.1062012
781,95,GFDL-CM4,0,2.0817132781440364,1.9306335,2.1062012
782,98,GFDL-CM4,0,2.1036763116178463,1.9306335,2.1062012
783,99,GFDL-CM4,0,2.1100776375082546,1.9306335,2.1062012
784,1,GFDL-CM4,1,2.495466577108118,2.680542,2.1062012
785,2,GFDL-CM4,1,2.487857510767981,2.680542,2.1062012
786,5,GFDL-CM4,1,2.50398147068114,2.680542,2.1062012
787,10,GFDL-CM4,1,2.524295496561137,2.680542,2.1062012
788,15,GFDL-CM4,1,2.53247893110472,2.680542,2.1062012
789,25,GFDL-CM4,1,2.51239084392995,2.680542,2.1062012
790,35,GFDL-CM4,1,2.5118731438252557,2.680542,2.1062012
791,45,GFDL-CM4,1,2.4858160893729746,2.680542,2.1062012
792,55,GFDL-CM4,1,2.5062175356104035,2.680542,2.1062012
793,65,GFDL-CM4,1,2.598603440039028,2.680542,2.1062012
794,75,GFDL-CM4,1,2.797415464950745,2.680542,2.1062012
795,85,GFDL-CM4,1,3.047572688752325,2.680542,2.1062012
796,90,GFDL-CM4,1,3.163197266122154,2.680542,2.1062012
797,95,GFDL-CM4,1,3.2836354805536416,2.680542,2.1062012
798,98,GFDL-CM4,1,3.3843081897003917,2.680542,2.1062012
799,99,GFDL-CM4,1,3.440056116360722,2.680542,2.1062012
800,1,GFDL-ESM4,0,1.5082150594018344,1.5941162,1.771698
801,2,GFDL-ESM4,0,1.489998055769604,1.5941162,1.771698
802,5,GFDL-ESM4,0,1.4860152807396505,1.5941162,1.771698
803,10,GFDL-ESM4,0,1.4920811972763204,1.5941162,1.771698
804,15,GFDL-ESM4,0,1.5082089671973335,1.5941162,1.771698
805,25,GFDL-ESM4,0,1.5427633037132296,1.5941162,1.771698
806,35,GFDL-ESM4,0,1.5717502909187149,1.5941162,1.771698
807,45,GFDL-ESM4,0,1.599509851998505,1.5941162,1.771698
808,55,GFDL-ESM4,0,1.6204402746758433,1.5941162,1.771698
809,65,GFDL-ESM4,0,1.6338696447479606,1.5941162,1.771698
810,75,GFDL-ESM4,0,1.6463004333502909,1.5941162,1.771698
811,85,GFDL-ESM4,0,1.659796372075505,1.5941162,1.771698
812,90,GFDL-ESM4,0,1.665981730531655,1.5941162,1.771698
813,95,GFDL-ESM4,0,1.6686031802865957,1.5941162,1.771698
814,98,GFDL-ESM4,0,1.6639574329204263,1.5941162,1.771698
815,99,GFDL-ESM4,0,1.657658488508389,1.5941162,1.771698
816,1,GFDL-ESM4,1,2.25062960988555,2.3527222,1.771698
817,2,GFDL-ESM4,1,2.2084007813669477,2.3527222,1.771698
818,5,GFDL-ESM4,1,2.195118856518036,2.3527222,1.771698
819,10,GFDL-ESM4,1,2.19591355484755,2.3527222,1.771698
820,15,GFDL-ESM4,1,2.1901479238038064,2.3527222,1.771698
821,25,GFDL-ESM4,1,2.1809455778230245,2.3527222,1.771698
822,35,GFDL-ESM4,1,2.167820107216869,2.3527222,1.771698
823,45,GFDL-ESM4,1,2.1852819072874468,2.3527222,1.771698
824,55,GFDL-ESM4,1,2.264117286803525,2.3527222,1.771698
825,65,GFDL-ESM4,1,2.3649487340895234,2.3527222,1.771698
826,75,GFDL-ESM4,1,2.493055369794717,2.3527222,1.771698
827,85,GFDL-ESM4,1,2.657990197848278,2.3527222,1.771698
828,90,GFDL-ESM4,1,2.7287807816793475,2.3527222,1.771698
829,95,GFDL-ESM4,1,2.795461614069609,2.3527222,1.771698
830,98,GFDL-ESM4,1,2.84868714804594,2.3527222,1.771698
831,99,GFDL-ESM4,1,2.876674067716067,2.3527222,1.771698
832,1,HadGEM3-GC31-LL,0,2.6401051212784523,2.6574402,2.9598083
833,2,HadGEM3-GC31-LL,0,2.614084646598826,2.6574402,2.9598083
834,5,HadGEM3-GC31-LL,0,2.600694040650353,2.6574402,2.9598083
835,10,HadGEM3-GC31-LL,0,2.592228645667888,2.6574402,2.9598083
836,15,HadGEM3-GC31-LL,0,2.5871494852967203,2.6574402,2.9598083
837,25,HadGEM3-GC31-LL,0,2.587246830934589,2.6574402,2.9598083
838,35,HadGEM3-GC31-LL,0,2.6044224241604184,2.6574402,2.9598083
839,45,HadGEM3-GC31-LL,0,2.632785668344809,2.6574402,2.9598083
840,55,HadGEM3-GC31-LL,0,2.6628175381180768,2.6574402,2.9598083
841,65,HadGEM3-GC31-LL,0,2.692360598603102,2.6574402,2.9598083
842,75,HadGEM3-GC31-LL,0,2.7196937412200555,2.6574402,2.9598083
843,85,HadGEM3-GC31-LL,0,2.734612467655893,2.6574402,2.9598083
844,90,HadGEM3-GC31-LL,0,2.7397610031012505,2.6574402,2.9598083
845,95,HadGEM3-GC31-LL,0,2.742219234139725,2.6574402,2.9598083
846,98,HadGEM3-GC31-LL,0,2.742475937963718,2.6574402,2.9598083
847,99,HadGEM3-GC31-LL,0,2.7445763828834515,2.6574402,2.9598083
848,1,HadGEM3-GC31-LL,1,3.789847586495455,3.958374,2.9598083
849,2,HadGEM3-GC31-LL,1,3.785692949054919,3.958374,2.9598083
850,5,HadGEM3-GC31-LL,1,3.790803352590558,3.958374,2.9598083
851,10,HadGEM3-GC31-LL,1,3.767972716430222,3.958374,2.9598083
852,15,HadGEM3-GC31-LL,1,3.7702986687837674,3.958374,2.9598083
853,25,HadGEM3-GC31-LL,1,3.813026150401584,3.958374,2.9598083
854,35,HadGEM3-GC31-LL,1,3.821433922691199,3.958374,2.9598083
855,45,HadGEM3-GC31-LL,1,3.8445116401044857,3.958374,2.9598083
856,55,HadGEM3-GC31-LL,1,3.902856274345595,3.958374,2.9598083
857,65,HadGEM3-GC31-LL,1,3.983699578463302,3.958374,2.9598083
858,75,HadGEM3-GC31-LL,1,4.083821700066721,3.958374,2.9598083
859,85,HadGEM3-GC31-LL,1,4.22056257317422,3.958374,2.9598083
860,90,HadGEM3-GC31-LL,1,4.290562050015183,3.958374,2.9598083
861,95,HadGEM3-GC31-LL,1,4.356895040731729,3.958374,2.9598083
862,98,HadGEM3-GC31-LL,1,4.396459892550922,3.958374,2.9598083
863,99,HadGEM3-GC31-LL,1,4.408553654860555,3.958374,2.9598083
864,1,INM-CM4-8,0,1.3996492632135755,1.3584595,1.4627991
865,2,INM-CM4-8,0,1.3969089848802128,1.3584595,1.4627991
866,5,INM-CM4-8,0,1.389535815440638,1.3584595,1.4627991
867,10,INM-CM4-8,0,1.3816852030113864,1.3584595,1.4627991
868,15,INM-CM4-8,0,1.3755709273377192,1.3584595,1.4627991
869,25,INM-CM4-8,0,1.3719233517675775,1.3584595,1.4627991
870,35,INM-CM4-8,0,1.369776172755394,1.3584595,1.4627991
871,45,INM-CM4-8,0,1.3635409939946044,1.3584595,1.4627991
872,55,INM-CM4-8,0,1.3596113001322578,1.3584595,1.4627991
873,65,INM-CM4-8,0,1.3571993832632074,1.3584595,1.4627991
874,75,INM-CM4-8,0,1.3464541043430245,1.3584595,1.4627991
875,85,INM-CM4-8,0,1.3331742804290343,1.3584595,1.4627991
876,90,INM-CM4-8,0,1.3281312706888002,1.3584595,1.4627991
877,95,INM-CM4-8,0,1.32071326923716,1.3584595,1.4627991
878,98,INM-CM4-8,0,1.307642237501511,1.3584595,1.4627991
879,99,INM-CM4-8,0,1.2964141103668112,1.3584595,1.4627991
880,1,INM-CM4-8,1,1.9140688355173552,1.8043213,1.4627991
881,2,INM-CM4-8,1,1.9100274584458248,1.8043213,1.4627991
882,5,INM-CM4-8,1,1.9093122163218936,1.8043213,1.4627991
883,10,INM-CM4-8,1,1.8900898079009492,1.8043213,1.4627991
884,15,INM-CM4-8,1,1.858026161335488,1.8043213,1.4627991
885,25,INM-CM4-8,1,1.8131786119539584,1.8043213,1.4627991
886,35,INM-CM4-8,1,1.7459108033593225,1.8043213,1.4627991
887,45,INM-CM4-8,1,1.701969457293842,1.8043213,1.4627991
888,55,INM-CM4-8,1,1.6909296213022458,1.8043213,1.4627991
889,65,INM-CM4-8,1,1.7005441516747624,1.8043213,1.4627991
890,75,INM-CM4-8,1,1.7521565944288682,1.8043213,1.4627991
891,85,INM-CM4-8,1,1.873221159867512,1.8043213,1.4627991
892,90,INM-CM4-8,1,1.941833442205791,1.8043213,1.4627991
893,95,INM-CM4-8,1,1.995270223511909,1.8043213,1.4627991
894,98,INM-CM4-8,1,2.015493932107347,1.8043213,1.4627991
895,99,INM-CM4-8,1,2.0232651193609854,1.8043213,1.4627991
896,1,INM-CM5-0,0,1.4295655581368578,1.3442688,1.4304199
897,2,INM-CM5-0,0,1.411935312730293,1.3442688,1.4304199
898,5,INM-CM5-0,0,1.389381201858157,1.3442688,1.4304199
899,10,INM-CM5-0,0,1.3708228165105538,1.3442688,1.4304199
900,15,INM-CM5-0,0,1.3604742046977665,1.3442688,1.4304199
901,25,INM-CM5-0,0,1.3511545747402351,1.3442688,1.4304199
902,35,INM-CM5-0,0,1.3465807480273495,1.3442688,1.4304199
903,45,INM-CM5-0,0,1.34139117117752,1.3442688,1.4304199
904,55,INM-CM5-0,0,1.3381484767856475,1.3442688,1.4304199
905,65,INM-CM5-0,0,1.339000309987,1.3442688,1.4304199
906,75,INM-CM5-0,0,1.3365273089166865,1.3442688,1.4304199
907,85,INM-CM5-0,0,1.3290390560514425,1.3442688,1.4304199
908,90,INM-CM5-0,0,1.3215289913920287,1.3442688,1.4304199
909,95,INM-CM5-0,0,1.3078873665785975,1.3442688,1.4304199
910,98,INM-CM5-0,0,1.2902993905761946,1.3442688,1.4304199
911,99,INM-CM5-0,0,1.278200866376551,1.3442688,1.4304199
912,1,INM-CM5-0,1,1.909320712745739,1.7173157,1.4304199
913,2,INM-CM5-0,1,1.879301748736225,1.7173157,1.4304199
914,5,INM-CM5-0,1,1.828545853284595,1.7173157,1.4304199
915,10,INM-CM5-0,1,1.7957788403591053,1.7173157,1.4304199
916,15,INM-CM5-0,1,1.7692803521129576,1.7173157,1.4304199
917,25,INM-CM5-0,1,1.71091005261502,1.7173157,1.4304199
918,35,INM-CM5-0,1,1.6577158420948308,1.7173157,1.4304199
919,45,INM-CM5-0,1,1.6198326266834329,1.7173157,1.4304199
920,55,INM-CM5-0,1,1.6060201297466392,1.7173157,1.4304199
921,65,INM-CM5-0,1,1.620833183486866,1.7173157,1.4304199
922,75,INM-CM5-0,1,1.672637563655769,1.7173157,1.4304199
923,85,INM-CM5-0,1,1.7759487520816606,1.7173157,1.4304199
924,90,INM-CM5-0,1,1.8378121329946568,1.7173157,1.4304199
925,95,INM-CM5-0,1,1.8910873469811804,1.7173157,1.4304199
926,98,INM-CM5-0,1,1.9183225128288652,1.7173157,1.4304199
927,99,INM-CM5-0,1,1.9265336333772891,1.7173157,1.4304199
928,1,KACE-1-0-G,0,2.4084740527590043,2.361084,2.536316
929,2,KACE-1-0-G,0,2.3760755088218275,2.361084,2.536316
930,5,KACE-1-0-G,0,2.3374985608347174,2.361084,2.536316
931,10,KACE-1-0-G,0,2.322720764005624,2.361084,2.536316
932,15,KACE-1-0-G,0,2.317191972805801,2.361084,2.536316
933,25,KACE-1-0-G,0,2.322461025506584,2.361084,2.536316
934,35,KACE-1-0-G,0,2.335004128024991,2.361084,2.536316
935,45,KACE-1-0-G,0,2.3517345735845083,2.361084,2.536316
936,55,KACE-1-0-G,0,2.3684722356820203,2.361084,2.536316
937,65,KACE-1-0-G,0,2.3863543509627902,2.361084,2.536316
938,75,KACE-1-0-G,0,2.395359573170083,2.361084,2.536316
939,85,KACE-1-0-G,0,2.3919348279133037,2.361084,2.536316
940,90,KACE-1-0-G,0,2.390447454476714,2.361084,2.536316
941,95,KACE-1-0-G,0,2.39233435710878,2.361084,2.536316
942,98,KACE-1-0-G,0,2.3899338252595044,2.361084,2.536316
943,99,KACE-1-0-G,0,2.3819304731396187,2.361084,2.536316
944,1,KACE-1-0-G,1,2.9422137399885173,3.1148987,2.536316
945,2,KACE-1-0-G,1,2.927521562336324,3.1148987,2.536316
946,5,KACE-1-0-G,1,2.918876771900841,3.1148987,2.536316
947,10,KACE-1-0-G,1,2.925054606803201,3.1148987,2.536316
948,15,KACE-1-0-G,1,2.9510173893779097,3.1148987,2.536316
949,25,KACE-1-0-G,1,3.0006494174818386,3.1148987,2.536316
950,35,KACE-1-0-G,1,3.0406265899917457,3.1148987,2.536316
951,45,KACE-1-0-G,1,3.071829710888551,3.1148987,2.536316
952,55,KACE-1-0-G,1,3.1178688198917826,3.1148987,2.536316
953,65,KACE-1-0-G,1,3.170268852168988,3.1148987,2.536316
954,75,KACE-1-0-G,1,3.2306871601179523,3.1148987,2.536316
955,85,KACE-1-0-G,1,3.291512044270803,3.1148987,2.536316
956,90,KACE-1-0-G,1,3.3192395805977526,3.1148987,2.536316
957,95,KACE-1-0-G,1,3.346562113615562,3.1148987,2.536316
958,98,KACE-1-0-G,1,3.365839761686516,3.1148987,2.536316
959,99,KACE-1-0-G,1,3.3721022525220974,3.1148987,2.536316
960,1,MIROC-ES2L,0,1.6705376573552826,1.6603088,1.7772827
961,2,MIROC-ES2L,0,1.6808580286629535,1.6603088,1.7772827
962,5,MIROC-ES2L,0,1.6930350967739969,1.6603088,1.7772827
963,10,MIROC-ES2L,0,1.7016304227736896,1.6603088,1.7772827
964,15,MIROC-ES2L,0,1.6966832114997032,1.6603088,1.7772827
965,25,MIROC-ES2L,0,1.6858507420894853,1.6603088,1.7772827
966,35,MIROC-ES2L,0,1.689274412280895,1.6603088,1.7772827
967,45,MIROC-ES2L,0,1.6939949603680589,1.6603088,1.7772827
968,55,MIROC-ES2L,0,1.6838635933303294,1.6603088,1.7772827
969,65,MIROC-ES2L,0,1.6680207423746651,1.6603088,1.7772827
970,75,MIROC-ES2L,0,1.6441734536720674,1.6603088,1.7772827
971,85,MIROC-ES2L,0,1.6086414632312085,1.6603088,1.7772827
972,90,MIROC-ES2L,0,1.584837350218436,1.6603088,1.7772827
973,95,MIROC-ES2L,0,1.555354665490995,1.6603088,1.7772827
974,98,MIROC-ES2L,0,1.5218584986777728,1.6603088,1.7772827
975,99,MIROC-ES2L,0,1.4999563019470656,1.6603088,1.7772827
976,1,MIROC-ES2L,1,2.0096753071803164,2.153717,1.7772827
977,2,MIROC-ES2L,1,2.01074789907409,2.153717,1.7772827
978,5,MIROC-ES2L,1,2.0548148510503097,2.153717,1.7772827
979,10,MIROC-ES2L,1,2.092482899684512,2.153717,1.7772827
980,15,MIROC-ES2L,1,2.100884201947224,2.153717,1.7772827
981,25,MIROC-ES2L,1,2.0969195272408,2.153717,1.7772827
982,35,MIROC-ES2L,1,2.07686294854841,2.153717,1.7772827
983,45,MIROC-ES2L,1,2.058379954917598,2.153717,1.7772827
984,55,MIROC-ES2L,1,2.067006133584357,2.153717,1.7772827
985,65,MIROC-ES2L,1,2.108022865594535,2.153717,1.7772827
986,75,MIROC-ES2L,1,2.1923106885424204,2.153717,1.7772827
987,85,MIROC-ES2L,1,2.3329141055835407,2.153717,1.7772827
988,90,MIROC-ES2L,1,2.4072471394258628,2.153717,1.7772827
989,95,MIROC-ES2L,1,2.4630716922238207,2.153717,1.7772827
990,98,MIROC-ES2L,1,2.454833415910855,2.153717,1.7772827
991,99,MIROC-ES2L,1,2.428970959233709,2.153717,1.7772827
992,1,MPI-ESM1-2-LR,0,1.591180836673573,1.4445496,1.5511475
993,2,MPI-ESM1-2-LR,0,1.5568787151505037,1.4445496,1.5511475
994,5,MPI-ESM1-2-LR,0,1.5053263658911078,1.4445496,1.5511475
995,10,MPI-ESM1-2-LR,0,1.4677636002688814,1.4445496,1.5511475
996,15,MPI-ESM1-2-LR,0,1.4485577048760092,1.4445496,1.5511475
997,25,MPI-ESM1-2-LR,0,1.430857702784465,1.4445496,1.5511475
998,35,MPI-ESM1-2-LR,0,1.4276411263705882,1.4445496,1.5511475
999,45,MPI-ESM1-2-LR,0,1.429971031697221,1.4445496,1.5511475
1000,55,MPI-ESM1-2-LR,0,1.4333500687472451,1.4445496,1.5511475
1001,65,MPI-ESM1-2-LR,0,1.4364431664199628,1.4445496,1.5511475
1002,75,MPI-ESM1-2-LR,0,1.4385966556105814,1.4445496,1.5511475
1003,85,MPI-ESM1-2-LR,0,1.438833454777864,1.4445496,1.5511475
1004,90,MPI-ESM1-2-LR,0,1.4389980048591156,1.4445496,1.5511475
1005,95,MPI-ESM1-2-LR,0,1.438820065215168,1.4445496,1.5511475
1006,98,MPI-ESM1-2-LR,0,1.4389752881118625,1.4445496,1.5511475
1007,99,MPI-ESM1-2-LR,0,1.4363980099689684,1.4445496,1.5511475
1008,1,MPI-ESM1-2-LR,1,1.989709288304482,1.9054565,1.5511475
1009,2,MPI-ESM1-2-LR,1,1.9610922583758,1.9054565,1.5511475
1010,5,MPI-ESM1-2-LR,1,1.9082573201709463,1.9054565,1.5511475
1011,10,MPI-ESM1-2-LR,1,1.8515197722772427,1.9054565,1.5511475
1012,15,MPI-ESM1-2-LR,1,1.827326110528702,1.9054565,1.5511475
1013,25,MPI-ESM1-2-LR,1,1.7940942258251198,1.9054565,1.5511475
1014,35,MPI-ESM1-2-LR,1,1.7686682596017818,1.9054565,1.5511475
1015,45,MPI-ESM1-2-LR,1,1.7816251731398438,1.9054565,1.5511475
1016,55,MPI-ESM1-2-LR,1,1.7998533708220066,1.9054565,1.5511475
1017,65,MPI-ESM1-2-LR,1,1.854071753365588,1.9054565,1.5511475
1018,75,MPI-ESM1-2-LR,1,1.9623289847860408,1.9054565,1.5511475
1019,85,MPI-ESM1-2-LR,1,2.0959452586274097,1.9054565,1.5511475
1020,90,MPI-ESM1-2-LR,1,2.1629818850151423,1.9054565,1.5511475
1021,95,MPI-ESM1-2-LR,1,2.2291875691314544,1.9054565,1.5511475
1022,98,MPI-ESM1-2-LR,1,2.285450504225423,1.9054565,1.5511475
1023,99,MPI-ESM1-2-LR,1,2.31465529399037,1.9054565,1.5511475
1024,1,MRI-ESM2-0,0,1.7262928338074062,1.8265381,1.9578247
1025,2,MRI-ESM2-0,0,1.7395078312542296,1.8265381,1.9578247
1026,5,MRI-ESM2-0,0,1.7790261316639544,1.8265381,1.9578247
1027,10,MRI-ESM2-0,0,1.7974467032327084,1.8265381,1.9578247
1028,15,MRI-ESM2-0,0,1.80425726183654,1.8265381,1.9578247
1029,25,MRI-ESM2-0,0,1.811999196854856,1.8265381,1.9578247
1030,35,MRI-ESM2-0,0,1.820199034123448,1.8265381,1.9578247
1031,45,MRI-ESM2-0,0,1.824975523651972,1.8265381,1.9578247
1032,55,MRI-ESM2-0,0,1.8259012249147872,1.8265381,1.9578247
1033,65,MRI-ESM2-0,0,1.8286184635280731,1.8265381,1.9578247
1034,75,MRI-ESM2-0,0,1.8377849353954616,1.8265381,1.9578247
1035,85,MRI-ESM2-0,0,1.8507018055129263,1.8265381,1.9578247
1036,90,MRI-ESM2-0,0,1.8558434871740133,1.8265381,1.9578247
1037,95,MRI-ESM2-0,0,1.879981009899609,1.8265381,1.9578247
1038,98,MRI-ESM2-0,0,1.922810021912824,1.8265381,1.9578247
1039,99,MRI-ESM2-0,0,1.9474373951616712,1.8265381,1.9578247
1040,1,MRI-ESM2-0,1,2.0875797631439923,2.3872375,1.9578247
1041,2,MRI-ESM2-0,1,2.1262799104331407,2.3872375,1.9578247
1042,5,MRI-ESM2-0,1,2.1522792890627898,2.3872375,1.9578247
1043,10,MRI-ESM2-0,1,2.1637759280273485,2.3872375,1.9578247
1044,15,MRI-ESM2-0,1,2.187080316285801,2.3872375,1.9578247
1045,25,MRI-ESM2-0,1,2.2228484168066984,2.3872375,1.9578247
1046,35,MRI-ESM2-0,1,2.252761764067941,2.3872375,1.9578247
1047,45,MRI-ESM2-0,1,2.296345413483777,2.3872375,1.9578247
1048,55,MRI-ESM2-0,1,2.341851134770934,2.3872375,1.9578247
1049,65,MRI-ESM2-0,1,2.411161392945587,2.3872375,1.9578247
1050,75,MRI-ESM2-0,1,2.503621754345602,2.3872375,1.9578247
1051,85,MRI-ESM2-0,1,2.6719014439841544,2.3872375,1.9578247
1052,90,MRI-ESM2-0,1,2.7654939176086373,2.3872375,1.9578247
1053,95,MRI-ESM2-0,1,2.8346203772509853,2.3872375,1.9578247
1054,98,MRI-ESM2-0,1,2.875714433915732,2.3872375,1.9578247
1055,99,MRI-ESM2-0,1,2.909213684242957,2.3872375,1.9578247
1056,1,NorESM2-LM,0,1.5941239822066675,1.6014099,1.7868652
1057,2,NorESM2-LM,0,1.5927013338571214,1.6014099,1.7868652
1058,5,NorESM2-LM,0,1.585063501666184,1.6014099,1.7868652
1059,10,NorESM2-LM,0,1.574404548420489,1.6014099,1.7868652
1060,15,NorESM2-LM,0,1.567726400237916,1.6014099,1.7868652
1061,25,NorESM2-LM,0,1.5663376678606369,1.6014099,1.7868652
1062,35,NorESM2-LM,0,1.5691236330357017,1.6014099,1.7868652
1063,45,NorESM2-LM,0,1.5738080369019372,1.6014099,1.7868652
1064,55,NorESM2-LM,0,1.5881463609091495,1.6014099,1.7868652
1065,65,NorESM2-LM,0,1.607885711124311,1.6014099,1.7868652
1066,75,NorESM2-LM,0,1.6270862764771437,1.6014099,1.7868652
1067,85,NorESM2-LM,0,1.648868899627871,1.6014099,1.7868652
1068,90,NorESM2-LM,0,1.6614221513448797,1.6014099,1.7868652
1069,95,NorESM2-LM,0,1.6777778596958797,1.6014099,1.7868652
1070,98,NorESM2-LM,0,1.6890060101493989,1.6014099,1.7868652
1071,99,NorESM2-LM,0,1.687927651557402,1.6014099,1.7868652
1072,1,NorESM2-LM,1,2.191210218127821,2.3898315,1.7868652
1073,2,NorESM2-LM,1,2.208263760413388,2.3898315,1.7868652
1074,5,NorESM2-LM,1,2.2250972721993776,2.3898315,1.7868652
1075,10,NorESM2-LM,1,2.2213267779318926,2.3898315,1.7868652
1076,15,NorESM2-LM,1,2.2173313373159544,2.3898315,1.7868652
1077,25,NorESM2-LM,1,2.2210163534575145,2.3898315,1.7868652
1078,35,NorESM2-LM,1,2.242541266455362,2.3898315,1.7868652
1079,45,NorESM2-LM,1,2.3009366232906245,2.3898315,1.7868652
1080,55,NorESM2-LM,1,2.3712913275729197,2.3898315,1.7868652
1081,65,NorESM2-LM,1,2.435365382131522,2.3898315,1.7868652
1082,75,NorESM2-LM,1,2.5321291147936336,2.3898315,1.7868652
1083,85,NorESM2-LM,1,2.6314701064832207,2.3898315,1.7868652
1084,90,NorESM2-LM,1,2.6786856727439954,2.3898315,1.7868652
1085,95,NorESM2-LM,1,2.724114019783769,2.3898315,1.7868652
1086,98,NorESM2-LM,1,2.7398558100184687,2.3898315,1.7868652
1087,99,NorESM2-LM,1,2.7436659135419177,2.3898315,1.7868652
1088,1,UKESM1-0-LL,0,2.873073821581613,2.8931885,3.2128296
1089,2,UKESM1-0-LL,0,2.869683192853927,2.8931885,3.2128296
1090,5,UKESM1-0-LL,0,2.8533407352051654,2.8931885,3.2128296
1091,10,UKESM1-0-LL,0,2.835813855923845,2.8931885,3.2128296
1092,15,UKESM1-0-LL,0,2.828921009221688,2.8931885,3.2128296
1093,25,UKESM1-0-LL,0,2.8327657426181645,2.8931885,3.2128296
1094,35,UKESM1-0-LL,0,2.8491254267790964,2.8931885,3.2128296
1095,45,UKESM1-0-LL,0,2.879154366452667,2.8931885,3.2128296
1096,55,UKESM1-0-LL,0,2.912433047695004,2.8931885,3.2128296
1097,65,UKESM1-0-LL,0,2.935904274925292,2.8931885,3.2128296
1098,75,UKESM1-0-LL,0,2.948210453360275,2.8931885,3.2128296
1099,85,UKESM1-0-LL,0,2.947402319937055,2.8931885,3.2128296
1100,90,UKESM1-0-LL,0,2.9456844468946883,2.8931885,3.2128296
1101,95,UKESM1-0-LL,0,2.9404627158532435,2.8931885,3.2128296
1102,98,UKESM1-0-LL,0,2.934881706723786,2.8931885,3.2128296
1103,99,UKESM1-0-LL,0,2.936387321335985,2.8931885,3.2128296
1104,1,UKESM1-0-LL,1,4.242821701434593,4.2681885,3.2128296
1105,2,UKESM1-0-LL,1,4.226677546995347,4.2681885,3.2128296
1106,5,UKESM1-0-LL,1,4.215604107854233,4.2681885,3.2128296
1107,10,UKESM1-0-LL,1,4.216266741071081,4.2681885,3.2128296
1108,15,UKESM1-0-LL,1,4.215900906260913,4.2681885,3.2128296
1109,25,UKESM1-0-LL,1,4.174558837206746,4.2681885,3.2128296
1110,35,UKESM1-0-LL,1,4.130939216508125,4.2681885,3.2128296
1111,45,UKESM1-0-LL,1,4.1274833444124965,4.2681885,3.2128296
1112,55,UKESM1-0-LL,1,4.157168160233027,4.2681885,3.2128296
1113,65,UKESM1-0-LL,1,4.226783406233437,4.2681885,3.2128296
1114,75,UKESM1-0-LL,1,4.331471504617468,4.2681885,3.2128296
1115,85,UKESM1-0-LL,1,4.47603175059038,4.2681885,3.2128296
1116,90,UKESM1-0-LL,1,4.544126708300098,4.2681885,3.2128296
1117,95,UKESM1-0-LL,1,4.606996988247943,4.2681885,3.2128296
1118,98,UKESM1-0-LL,1,4.653330714121637,4.2681885,3.2128296
1119,99,UKESM1-0-LL,1,4.6737623061920885,4.2681885,3.2128296
